﻿<metadata>
  <idinfo>
    <citation>
      <citeinfo>
        <origin>USDA Forest Service, Southwestern Region, Regional GIS Coordinator</origin>
        <pubdate>20210627</pubdate>
        <title>S_R03.ProclaimedForest</title>
        <geoform>vector digital data</geoform>
      </citeinfo>
    </citation>
    <descript>
      <abstract>A depiction of the boundaries encompassing the National Forest System (NFS) lands within the original proclaimed National Forests, along with subsequent Executive Orders, Proclamations, Public Laws, Public Land Orders, Secretary of Agriculture Orders, and Secretary of Interior Orders creating modifications thereto, along with lands added to the NFS which have taken on the status of 'reserved from the public domain' under the General Exchange Act. The following area types are included: National Forest, Experimental Area, Experimental Forest, Experimental Range, Land Utilization Project, National Grassland, Purchase Unit, and Special Management Area. This dataset is derived from the USFS Southwestern Region ALP (Automated Lands Program) data Project. This is one of fourteen layers derived from ALP for the purpose of supplying data layers for recourse GIS analysis and data needs within the Forest Service. The fourteen layers are Administrative Forest, Administrative Region, National Grassland, Ranger District, Military Reserve, Other National Designated Area, Proclaimed Forest, Section, Special Interest Management Area, Surface Ownership, Surface Ownership Dissolve, Township, Wilderness Status, and Wild Scenic River . There were some gapes in the ALP data so a small portion of this dataset comes from CCF (Cartographic Feature Files) datasets and the USFS Southwestern Region Core Data Project. ALP data is developed from data sources of differing accuracy, scales, and reliability. Where available it is developed from GCDB (Geographic Coordinate Data Base) data. GCDB data is maintained by the Bureau of Land Management in their State Offices. GCDB data is mostly corner data. Not all corners and not all boundaries are available in GCDB so ALP also utilizes many other data sources like CFF data to derive its boundaries. GCDB data is in a constant state of change because land corners are always getting resurveyed. The GCDB data used in this dataset represents a snapshot in time at the time the GCDB dataset was published by the BLM and may not reflect the most current GCDB dataset available. The Forest Service makes no expressed or implied warranty with respect to the character, function, or capabilities of these data. These data are intended to be used for planning and analyses purposes only and are not legally binding with regards to title or location of National Forest System lands.</abstract>
      <purpose>The purpose of this feature class is to depict USFS Proclaimed Forest boundaries for in the National Forests in the Southwest Region to be used in conjunction with the management activities.</purpose>
      <supplinf>The proclaimed boundary is created by an act of Congress. Depending on how the land came to the government, sometimes the proclaimed boundary and the administrative boundary are different. An example of this is the Valle Vidal section of the Carson National Forest. It was donated to the government after the proclaimed boundary of the Carson was set. The Valle Vidal Unit is within the administrative boundary of the Carson, but not within the Proclaimed boundary. It would take an act of Congress to make the Valle Vidal within the Proclaimed boundary.</supplinf>
    </descript>
    <timeperd>
      <timeinfo>
        <sngdate>
          <caldate>20210627</caldate>
        </sngdate>
      </timeinfo>
      <current>Most current data available within the stated time period.</current>
    </timeperd>
    <status>
      <progress>Complete</progress>
      <update>As needed</update>
    </status>
    <spdom>
      <bounding>
        <westbc>-113.173777</westbc>
        <eastbc>-99.424843</eastbc>
        <northbc>37.008327</northbc>
        <southbc>31.084940</southbc>
      </bounding>
    </spdom>
    <keywords>
      <theme>
        <themekt>None</themekt>
        <themekey>Forest Service</themekey>
        <themekey>Boundaries</themekey>
        <themekey>Proclaimed Forest</themekey>
        <themekey>ALP</themekey>
        <themekey>Automated Lands Project</themekey>
      </theme>
      <theme>
        <themekt>ISO 19115 Topic Categories</themekt>
        <themekey>location</themekey>
        <themekey>intelligenceMilitary</themekey>
        <themekey>boundaries</themekey>
      </theme>
      <place>
        <placekt>None</placekt>
        <placekey>Apache Sitgreaves</placekey>
        <placekey>Apache</placekey>
        <placekey>Sitgreaves</placekey>
        <placekey>Carson</placekey>
        <placekey>Cibola</placekey>
        <placekey>Coconino</placekey>
        <placekey>Coronado</placekey>
        <placekey>Gila</placekey>
        <placekey>Kaibab</placekey>
        <placekey>Lincoln</placekey>
        <placekey>Prescott</placekey>
        <placekey>Santa Fe</placekey>
        <placekey>Tonto</placekey>
        <placekey>Arizona</placekey>
        <placekey>New Mexico</placekey>
        <placekey>Texas</placekey>
        <placekey>Oklahoma</placekey>
        <placekey>Southwestern Region</placekey>
      </place>
    </keywords>
    <accconst>None</accconst>
    <useconst>Comparison with other data sets for the same area from other time periods may be inaccurate due to inconsistencies resulting from changes in photointerpretation, rounding of decimal coordinates during conversion, and mapping conventions over time. Any hardcopies utilizing these data sets shall clearly indicate their source. If the user has modified the data in any way, they are obligated to describe the types of modifications they have performed on the hardcopy map. The user specifically agrees not to misrepresent these data sets, nor to imply that changes made were approved by the USFS.</useconst>
    <ptcontac>
      <cntinfo>
        <cntorgp>
          <cntorg>USDA Forest Service, Southwestern Region</cntorg>
        </cntorgp>
        <cntpos>Regional GIS Coordinator</cntpos>
        <cntaddr>
          <addrtype>mailing and physical</addrtype>
          <address>333 Broadway SE</address>
          <city>Albuquerque</city>
          <state>New Mexico</state>
          <postal>87102-3498</postal>
          <country>US</country>
        </cntaddr>
        <cntvoice>505-842-3292</cntvoice>
        <cnttdd>505-842-3198</cnttdd>
        <cntfax>505-842-3800</cntfax>
        <cntemail>mailroom_r3@fs.fed.us</cntemail>
        <hours>0800-1630 Monday - Friday, Mountain Time.</hours>
      </cntinfo>
    </ptcontac>
    <secinfo>
      <secsys>None</secsys>
      <secclass>Unclassified</secclass>
      <sechandl>None</sechandl>
    </secinfo>
    <native> Version 6.2 (Build 9200) ; Esri ArcGIS 10.6.1.9328</native>
  </idinfo>
  <dataqual>
    <attracc>
      <attraccr>Accuracy and completeness was checked by manually comparing this dataset with other datasets of similar subject with on-screen review.</attraccr>
    </attracc>
    <logic>Polygon topology present.</logic>
    <complete>Data set is complete.</complete>
    <posacc>
      <horizpa>
        <horizpar>Based on accuracy statements made for USGS topographic quadrangle maps. Targeted to National Standard for Spatial Data Accuracy (NSSDA). The National Map Accuracy Standards for 7.5 minute 1:24,000 quadrangles applies to this feature class, which state that a feature will be within approximately 40 feet of its true position.</horizpar>
      </horizpa>
    </posacc>
    <lineage>
      <srcinfo>
        <srccite>
          <citeinfo>
            <origin>USFS Southwestern Regional Office</origin>
            <pubdate>20070301</pubdate>
            <title>Automated Lands Program (ALP)</title>
            <geoform>vector digital data</geoform>
            <onlink>None</onlink>
          </citeinfo>
        </srccite>
        <srcscale>24000</srcscale>
        <typesrc>onLine</typesrc>
        <srctime>
          <timeinfo>
            <sngdate>
              <caldate>20070301</caldate>
            </sngdate>
          </timeinfo>
          <srccurr>Most current data available within the stated time period.</srccurr>
        </srctime>
        <srccitea>Unknown</srccitea>
      </srcinfo>
      <srcinfo>
        <srccite>
          <citeinfo>
            <origin>BLM Arizona State Office, and New Mexico State Office</origin>
            <pubdate>unknown</pubdate>
            <title>Geographic Coordinate Data Base (GCDB)</title>
            <geoform>vector digital data</geoform>
          </citeinfo>
        </srccite>
        <srcscale>24000</srcscale>
        <typesrc>onLine</typesrc>
        <srctime>
          <timeinfo>
            <sngdate>
              <caldate>20000101</caldate>
            </sngdate>
          </timeinfo>
          <srccurr>Most current data available within the stated time period.</srccurr>
        </srctime>
        <srccitea>Unknown</srccitea>
      </srcinfo>
      <srcinfo>
        <srccite>
          <citeinfo>
            <origin>USDA Forest Service, Geospatial Service and Technology</origin>
            <pubdate>unknown</pubdate>
            <title>Cartographic Feature File (CFF)</title>
            <edition>Vintage 11</edition>
            <geoform>vector digital data</geoform>
            <pubinfo>
              <pubplace>Salt Lake City, UT</pubplace>
              <publish>USDA Forest Service, Geospatial Service and Technology</publish>
            </pubinfo>
            <othercit>Cartographic Feature Files (CFFs) are digital files containing a vector representation of the point and line features shown on a Forest Service Primary Base Series (PBS) map. CFF data are collected by digitizing PBS maps and revised using correction guide information provided by field units. GSTC began producing Vintage 11 CFFs in 1996.</othercit>
          </citeinfo>
        </srccite>
        <srcscale>24000</srcscale>
        <typesrc>onLine</typesrc>
        <srctime>
          <timeinfo>
            <rngdates>
              <begdate>19960101</begdate>
              <enddate>20000101</enddate>
            </rngdates>
          </timeinfo>
          <srccurr>Most current data available within the stated time period.</srccurr>
        </srctime>
        <srccitea>Unknown</srccitea>
      </srcinfo>
      <procstep>
        <procdesc>These seven layers were derived from ALP: Administrative Boundary Proclaimed Boundary District Boundary Surface Ownership Sections Townships Wilderness Data for six of the seven feature classes was loaded from individual ALP coverages for each Forest using ArcCatalog. The ALP coverages for the forests break on township lines rather then forest boundaries. Although the ALP coverages were edged matched some additional edge matching was required. Topology rules were created for editing utilizing "Must not Overlap" and "Must not have gaps" rules. Forest Administrative Boundaries were created by dissolving the Ranger District Boundaries. Notes: 1. Forest Administrative Boundaries were created by dissolving the Ranger District Boundaries. 2. Townships and Sections were merged with "Union" in a separate Geodatabase before loading into the final Geodatabase. Sections and townships were edited together. Townships were dissolved from sections after editing. 3. The Prescott data came from the more recent Prescott Pilot Project. All other data mostly came from ALP. The Prescott Pilot originates from more recent GCDB data then the rest. The edge of the Prescott with the Kaibab, Coconino, and Tonto did not edge match. Edge matching was done alone the outside edge of the Prescott boundary making it a clean dataset. 4. District Boundaries for the Prescott Project were missing. Prescott District Boundaries were derived from the most recent CFF data. Used the same version of CFF that was used to fill in gapes in the Prescott Project. 5. District Boundaries on the Gila were incomplete in ALP. What District Boundaries did exist in ALP for the Gila were wrong particularly in the area of the Wilderness District. District Boundaries for the Gila were derived fro vintage 11 CFF, the same CFF used in ALP to fill in gaps of data. 6. Wilderness Areas for the Prescott were derived from a combination of Prescott Project data and very recent cartography data. The cartography data comes from very close examination of the actual wilderness legal descriptions. 7. Sycamore Canyon Wilderness has many conflicts in its descriptions. Two of the larger conflicts are labeled as Proposed Wilderness in this data set. The one on the Kaibab is in ALP but may be wrong (Jacks Canyon.) The other one on the Coconino was not in ALP and may not actually be Congressionally designated Wilderness yet but apparently is managed as wilderness by the Coconino. This one was mapped by cartography data in the RO. 8. The boundary between the Gila and Apache Forests along the Arizona and New Mexico border did not edge match. This is probably because the two states have different GCDB data sets. In this data set that line was edge matched using the Arizona or Apache ALP data. 9. The Gila has three locations where Townships overlap each other. Some of them by as much as a half mile. The overlaps were left as overlaps for both Townships and Sections on the Gila for this dataset. The error was clearly an error in the GCDB data that has never been resolved. There were no conflicts with Surface Ownership because of this. 10. Surface Ownership was derived by linking to the ALP database using the ALP CN numbers. There were a small hand full of polygons that did not link to ALP. Mostly because they were missing CN numbers. Ownership for these parcels was derived by comparing with other ownership data layers including older versions of ALP. 11. Most of the Grassland units did not link to ALP. The ALP data for these units appears to be missing in ALP. Ownership for theses units was derived from somewhat older ALP data then the rest. The exception to this was the "Black Kettle" Grass Land unit where a link to ALP was made 12. Many of the ALP coverages had small slivers and gaps. These slivers and gaps were mostly found using the topology rules "Must Not Have Gaps" and Must Not Overlap." An example of these slivers would be where the corner of a rectangular meats and bounds parcel barely crossed over a section line leaving a very small triangular sliver. These slivers were sometimes missed in the editing of the coverages in ALP but became obvious in Geodatabase with topology rules. In most cases it was obvious what parcel the sliver belonged to so theses slivers were merged with there appropriate parcel. 13. Some ALP data had overlapping in Surface Ownership and Section polygons. I all most all cases it was only editing error and the overlap had the same attributes. In only a few cases did the overlap actually need to be reconciled. All overlaps were eliminated except for those in Sections and Townships on the Gila mentioned before. 14. The "Escudilla Wilderness" on the Apache N.F. was not in ALP. The boundary of this wilderness was derived from vintage 11 CFF data 15. The "Bear Willow Wilderness" on the Apache was not in the wilderness feature class in the ALP cover but the line work was. Wilderness area created from line work. 16. The "Columbine-Hondo Wilderness Study Area" on the Carson was not was not in ALP. This wilderness study area was added using Southwester Regional GIS code data. 17. Townships and Sections have a gap on the "Magdalena" ranger district on the Cibola. This gap also showed up in Surface Ownership. The gap was filled as "USFS" owned land. 18. District and Forest Boundary for the "Mountanair" district of the Cibola N.F. were depicted differently in two different feature classes in ALP. The boundary in the ranger_district feature class was clearly wrong so the boundary in surf_own was used here. 19. Some last minute land status changes were made on the Santa Fe National Forest. Because Lands is still working on entering data into the tabular ALP theses parcels do not yet have CN numbers although the line work is from ALP and the ownership is correct. 20. ALP was not consistent with private ownership within wilderness areas. In some areas the private land was cut out of the wilderness and in others it was not. In this dataset we made it consistent by cutting out all private land out of wilderness. There is one place on the "Kachina Wilderness" on the Coconino where this was not able to be reconciled.</procdesc>
        <procdate>20070226</procdate>
        <proccont>
          <cntinfo>
            <cntorgp>
              <cntorg>USFS Southwester Regional Office</cntorg>
              <cntper>Rick Crawford</cntper>
            </cntorgp>
            <cntpos>Geographic Information and Engineering/USDA GIS Analyst</cntpos>
            <cntaddr>
              <addrtype>mailing and physical</addrtype>
              <address>333 Broadway SE</address>
              <city>Albuquerque</city>
              <state>New Mexico</state>
              <postal>87102</postal>
              <country>US</country>
            </cntaddr>
            <cntvoice>505-842-3855</cntvoice>
            <cntfax>505-842-3800</cntfax>
            <cntemail>rdcrawford@fs.fed.us</cntemail>
            <hours>0700-1530 Monday - Friday, Eastern Time.</hours>
          </cntinfo>
        </proccont>
      </procstep>
      <procstep>
        <procdesc>Theses five feature classes were refreshed from the original ALP data. Administrative Boundary Proclaimed Boundary District Boundary Surface Ownership Wilderness Surface Ownership was updated by using a Intersect process to bring over the changes. The other four feature classes were refreshed with a manual visual method looking for change.</procdesc>
        <procdate>20080805</procdate>
        <proccont>
          <cntinfo>
            <cntorgp>
              <cntorg>USFS, Southwestern Region</cntorg>
              <cntper>Rick Crawford</cntper>
            </cntorgp>
            <cntpos>GIS Analyst</cntpos>
            <cntaddr>
              <addrtype>mailing and physical</addrtype>
              <address>333 Broadway SE</address>
              <city>Albuquerque</city>
              <state>New Mexico</state>
              <postal>87102</postal>
              <country>US</country>
            </cntaddr>
            <cntvoice>(505) 842-3855</cntvoice>
            <cntfax>(505) 842-3800</cntfax>
            <cntemail>rdcrawford@fs.fed.us</cntemail>
            <hours>M-F, 7:00am - 3:30pm</hours>
          </cntinfo>
        </proccont>
      </procstep>
      <procstep>
        <procdesc>The derived ALP layers were refreshed. Since the last time the data was pulled from the original ALP the ALP database transitioned from ArcInfo Coverage to Geodatabase. The schemas of the data have changed in that process. Data was copied from the ALP database and compared with the prior derived ALP data. An overlay process using "UNION" was used to find data that had changed. The changes were incorporated into the new derived ALP layers. This process was used to preserve most of the clan up work that had been done on this dataset in the past. In the process we also added more layers bringing the total number of layers to 14. The schemas of the datasets were also changed to reflect the new national published ALP data standard.</procdesc>
        <procdate>20120301</procdate>
        <proccont>
          <cntinfo>
            <cntorgp>
              <cntorg>Soutwest Region, USFS</cntorg>
              <cntper>Rick Crawford</cntper>
            </cntorgp>
            <cntpos>GIS Analyst</cntpos>
            <cntaddr>
              <addrtype>mailing and physical</addrtype>
              <address>333 Broadway SE</address>
              <city>Albuquerque</city>
              <state>New Mexico</state>
              <postal>87102</postal>
              <country>US</country>
            </cntaddr>
            <cntvoice>(505) 842-3855</cntvoice>
            <cntfax>(505) 842-3800</cntfax>
            <cntemail>rdcrawford@fs.fed.us</cntemail>
            <hours>7:30am - 4:00pm M-F</hours>
          </cntinfo>
        </proccont>
      </procstep>
      <procstep>
        <procdesc>The derived ALP layers were updated from the original ALP. Most specifically this update incorporates a corrected Arizona and New Mexico boundary that does not overlap in the two separate States databases.</procdesc>
        <procdate>20130718</procdate>
        <proccont>
          <cntinfo>
            <cntorgp>
              <cntorg>USFS Southwest Regional Office</cntorg>
            </cntorgp>
            <cntpos>GIS Analyst</cntpos>
            <cntaddr>
              <addrtype>mailing and physical</addrtype>
              <address>333 Broadway SE</address>
              <city>Albuquerque</city>
              <state>New Mexico</state>
              <postal>87102</postal>
              <country>US</country>
            </cntaddr>
            <cntvoice>505-842-3364</cntvoice>
            <cntfax>505-842-3800</cntfax>
            <hours>M-F 8:00am-5:00pm</hours>
          </cntinfo>
        </proccont>
      </procstep>
      <procstep>
        <procdesc>The Derived ALP layers were updated from the original ALP. Most specifically this update incorporates new data for Tonto and Sitgreaves National Forests. This completes the snapping of ALP to new GCDB for Prescott, Kaibab, Coconino, and Sitgreaves National Forests. There were minor edits to Gila, Carson, Cibola, Prescott, Kaibab, Coconino, and Coronado National Forests in this update. </procdesc>
        <procdate>20160906</procdate>
      </procstep>
      <procstep>
        <procdesc>The Derived ALP layers were updated from the original ALP. Most of the changes are minor. Mostly minor updates to Surface Ownership with the largest change on the Carson. Update to Forest and Ranger District boundary around the Magdalena Ranger Station on the Cibola.</procdesc>
        <procdate>20161108</procdate>
        <proccont>
          <cntinfo>
            <cntorgp>
              <cntorg>USDA Forest Service, Southwestern Region</cntorg>
              <cntper>GIS</cntper>
            </cntorgp>
            <cntpos>Regional GIS Coordinator</cntpos>
            <cntaddr>
              <addrtype>mailing and physical</addrtype>
              <address>333 Broadway SE</address>
              <city>Albuquerque</city>
              <state>NM</state>
              <postal>87102</postal>
              <country>US</country>
            </cntaddr>
            <cntvoice>505-842-3292</cntvoice>
            <cnttdd>505-842-3898</cnttdd>
            <cntfax>505-842-3800</cntfax>
            <cntemail>Mailroom_R3@fs.fed.us</cntemail>
            <hours>0800-1630 M-F, Mountain Time</hours>
          </cntinfo>
        </proccont>
      </procstep>
      <procstep>
        <procdesc>ALP Derived was updated. Apache and Gila snapped to SDI (GCDB), minor updated elsewhere</procdesc>
        <procdate>20171220</procdate>
        <proccont>
          <cntinfo>
            <cntorgp>
              <cntorg>USDA Forest Service, Southwestern Region</cntorg>
            </cntorgp>
            <cntpos>Regional GIS Coordinator</cntpos>
            <cntaddr>
              <addrtype>mailing and physical</addrtype>
              <address>333 Broadway SE</address>
              <city>Albuquerque</city>
              <state>New Mexico</state>
              <postal>87102-3498</postal>
              <country>US</country>
            </cntaddr>
            <cntvoice>505-842-3292</cntvoice>
            <cnttdd>505-842-3198</cnttdd>
            <cntfax>505-842-3800</cntfax>
            <cntemail>mailroom_r3@fs.fed.us</cntemail>
            <hours>0800-1630 Monday - Friday, Mountain Time.</hours>
          </cntinfo>
        </proccont>
      </procstep>
      <procstep>
        <procdesc>ALP Derived was updated. Carson, Santa Fe, and Lincoln snapped to SDI (GCDB), minor updated elsewhere</procdesc>
        <procdate>20180703</procdate>
        <proccont>
          <cntinfo>
            <cntorgp>
              <cntorg>USDA Forest Service, Southwestern Region</cntorg>
            </cntorgp>
            <cntpos>Regional GIS Coordinator</cntpos>
            <cntaddr>
              <addrtype>mailing and physical</addrtype>
              <address>333 Broadway SE</address>
              <city>Albuquerque</city>
              <state>New Mexico</state>
              <postal>87102-3498</postal>
              <country>US</country>
            </cntaddr>
            <cntvoice>505-842-3292</cntvoice>
            <cnttdd>505-842-3198</cnttdd>
            <cntfax>505-842-3800</cntfax>
            <cntemail>mailroom_r3@fs.fed.us</cntemail>
            <hours>0800-1630 Monday - Friday, Mountain Time.</hours>
          </cntinfo>
        </proccont>
      </procstep>
    </lineage>
  </dataqual>
  <spdoinfo>
    <direct>Vector</direct>
    <ptvctinf>
      <sdtsterm>
        <sdtstype>GT-polygon composed of chains</sdtstype>
        <ptvctcnt>24</ptvctcnt>
      </sdtsterm>
    </ptvctinf>
  </spdoinfo>
  <spref>
    <horizsys>
      <planar>
        <mapproj>
          <mapprojn>North America Lambert Conformal Conic</mapprojn>
          <lambertc>
            <stdparll>32.0</stdparll>
            <stdparll>36.0</stdparll>
            <longcm>-108.0</longcm>
            <latprjo>0.0</latprjo>
            <feast>0.0</feast>
            <fnorth>0.0</fnorth>
          </lambertc>
        </mapproj>
        <planci>
          <plance>coordinate pair</plance>
          <coordrep>
            <absres>0.000125</absres>
            <ordres>0.000125</ordres>
          </coordrep>
          <plandu>meter</plandu>
        </planci>
      </planar>
      <geodetic>
        <horizdn>D North American 1983</horizdn>
        <ellips>GRS 1980</ellips>
        <semiaxis>6378137.0</semiaxis>
        <denflat>298.257222101</denflat>
      </geodetic>
    </horizsys>
  </spref>
  <eainfo>
    <detailed>
      <enttyp>
        <enttypl>S_R03.ProclaimedForest</enttypl>
        <enttypd>Feature Class</enttypd>
        <enttypds>None</enttypds>
      </enttyp>
      <attr>
        <attrlabl>OBJECTID</attrlabl>
        <attrdef>Internal feature number.</attrdef>
        <attrdefs>ESRI</attrdefs>
        <attrdomv>
          <udom>
Sequential unique whole numbers that are automatically
generated.
</udom>
        </attrdomv>
      </attr>
      <attr>
        <attrlabl>PROCLAIMEDFORESTID</attrlabl>
        <attrdef>Computer generate ID that is used to link features to other tabular ALP data.</attrdef>
      </attr>
      <attr>
        <attrlabl>REV_DATE</attrlabl>
        <attrdef>Date of feature creation or latest update.</attrdef>
        <attrdefs>
FSH6609.15 Standards for Data and
Data Structures Handbook Chapter 40
</attrdefs>
        <attrdomv>
          <udom>date</udom>
        </attrdomv>
      </attr>
      <attr>
        <attrlabl>DATA_SOURCE</attrlabl>
        <attrdef>medium from which the data were created/acquired</attrdef>
        <attrdefs>
FSH6609.15 Standards for Data and
Data Structures Handbook Chapter 40
</attrdefs>
        <attrdomv>
          <edom>
            <edomv>01</edomv>
            <edomvd>Original CFF</edomvd>
            <edomvds>
FSH6609.15 Standards for Data
and Data Structures Handbook Chapter 40
</edomvds>
          </edom>
        </attrdomv>
        <attrdomv>
          <edom>
            <edomv>02</edomv>
            <edomvd>GPS - Uncorrected Data</edomvd>
            <edomvds>
FSH6609.15 Standards for Data
and Data Structures Handbook Chapter 40
</edomvds>
          </edom>
        </attrdomv>
        <attrdomv>
          <edom>
            <edomv>03</edomv>
            <edomvd>GPS - Differentially Corrected Data</edomvd>
            <edomvds>
FSH6609.15 Standards for Data
and Data Structures Handbook Chapter 40
</edomvds>
          </edom>
        </attrdomv>
        <attrdomv>
          <edom>
            <edomv>04</edomv>
            <edomvd>GPS - Survey Grade and Sub-meter</edomvd>
            <edomvds>
FSH6609.15 Standards for Data
and Data Structures Handbook Chapter 40
</edomvds>
          </edom>
        </attrdomv>
        <attrdomv>
          <edom>
            <edomv>05</edomv>
            <edomvd>Resurvey Plat</edomvd>
            <edomvds>
FSH6609.15 Standards for Data
and Data Structures Handbook Chapter 40
</edomvds>
          </edom>
        </attrdomv>
        <attrdomv>
          <edom>
            <edomv>06</edomv>
            <edomvd>Photogrammetric Compilation</edomvd>
            <edomvds>
FSH6609.15 Standards for Data
and Data Structures Handbook Chapter 40
</edomvds>
          </edom>
        </attrdomv>
        <attrdomv>
          <edom>
            <edomv>07</edomv>
            <edomvd>Digitized From Hardcopy PBS/SEQ</edomvd>
            <edomvds>
FSH6609.15 Standards for Data
and Data Structures Handbook Chapter 40
</edomvds>
          </edom>
        </attrdomv>
        <attrdomv>
          <edom>
            <edomv>08</edomv>
            <edomvd>
Digitized from Hardcopy Orthophoto
Quad
</edomvd>
            <edomvds>
FSH6609.15 Standards for Data
and Data Structures Handbook Chapter 40
</edomvds>
          </edom>
        </attrdomv>
        <attrdomv>
          <edom>
            <edomv>09</edomv>
            <edomvd>Automated Land Project (ALP)</edomvd>
            <edomvds>
FSH6609.15 Standards for Data
and Data Structures Handbook Chapter 40
</edomvds>
          </edom>
        </attrdomv>
        <attrdomv>
          <edom>
            <edomv>20</edomv>
            <edomvd>Digitized Other</edomvd>
            <edomvds>
FSH6609.15 Standards for Data
and Data Structures Handbook Chapter 40
</edomvds>
          </edom>
        </attrdomv>
        <attrdomv>
          <edom>
            <edomv>21</edomv>
            <edomvd>Geographic Coordinate Database (GCDB)</edomvd>
            <edomvds>
FSH6609.15 Standards for Data
and Data Structures Handbook Chapter 40
</edomvds>
          </edom>
        </attrdomv>
        <attrdomv>
          <edom>
            <edomv>22</edomv>
            <edomvd>Other Cadastral Information</edomvd>
            <edomvds>
FSH6609.15 Standards for Data
and Data Structures Handbook Chapter 40
</edomvds>
          </edom>
        </attrdomv>
        <attrdomv>
          <edom>
            <edomv>23</edomv>
            <edomvd>Other Agency Digital</edomvd>
            <edomvds>
FSH6609.15 Standards for Data
and Data Structures Handbook Chapter 40
</edomvds>
          </edom>
        </attrdomv>
        <attrdomv>
          <edom>
            <edomv>24</edomv>
            <edomvd>Other</edomvd>
            <edomvds>
FSH6609.15 Standards for Data
and Data Structures Handbook Chapter 40
</edomvds>
          </edom>
        </attrdomv>
        <attrdomv>
          <edom>
            <edomv>30</edomv>
            <edomvd>Remote Sensing Data - Base Level</edomvd>
            <edomvds>
FSH6609.15 Standards for Data
and Data Structures Handbook Chapter 40
</edomvds>
          </edom>
        </attrdomv>
        <attrdomv>
          <edom>
            <edomv>31</edomv>
            <edomvd>Remote Sensing Data - Mid Level</edomvd>
            <edomvds>
FSH6609.15 Standards for Data
and Data Structures Handbook Chapter 40
</edomvds>
          </edom>
        </attrdomv>
        <attrdomv>
          <edom>
            <edomv>32</edomv>
            <edomvd>Remote Sensing Data - Broad Level</edomvd>
            <edomvds>
FSH6609.15 Standards for Data
and Data Structures Handbook Chapter 40
</edomvds>
          </edom>
        </attrdomv>
        <attrdomv>
          <edom>
            <edomv>33</edomv>
            <edomvd>Remote Sensing Data - National Level</edomvd>
            <edomvds>
FSH6609.15 Standards for Data
and Data Structures Handbook Chapter 40
</edomvds>
          </edom>
        </attrdomv>
      </attr>
      <attr>
        <attrlabl>ACCURACY</attrlabl>
        <attrdef>
Distance (+/-), in dataset units, of expected
difference between feature and real world object locations.
</attrdef>
        <attrdefs>
FSH6609.15 Standards for Data and
Data Structures Handbook Chapter 40
</attrdefs>
        <attrdomv>
          <udom>Number</udom>
        </attrdomv>
      </attr>
      <attr>
        <attrlabl>FORESTNAME</attrlabl>
        <attrdef>Forest Name</attrdef>
        <attrdomv>
          <udom>Text</udom>
        </attrdomv>
      </attr>
      <attr>
        <attrlabl>SHAPE</attrlabl>
        <attrdef>Feature geometry.</attrdef>
        <attrdefs>ESRI</attrdefs>
        <attrdomv>
          <udom>Coordinates defining the features.</udom>
        </attrdomv>
      </attr>
      <attr>
        <attrlabl>GLOBALID</attrlabl>
        <attrdef>GlobalID</attrdef>
        <attrdomv>
          <udom>GUID</udom>
        </attrdomv>
      </attr>
      <attr>
        <attrlabl>FORESTS</attrlabl>
      </attr>
      <attr>
        <attrlabl>CRC</attrlabl>
      </attr>
      <attr>
        <attrlabl>PUB_DATE</attrlabl>
      </attr>
      <attr>
        <attrlabl>SHAPE.AREA</attrlabl>
      </attr>
      <attr>
        <attrlabl>SHAPE.LEN</attrlabl>
      </attr>
    </detailed>
  </eainfo>
  <distinfo>
    <distrib>
      <cntinfo>
        <cntorgp>
          <cntorg>USDA Forest Service, Southwestern Region</cntorg>
        </cntorgp>
        <cntpos>Regional GIS Coordinator</cntpos>
        <cntaddr>
          <addrtype>mailing and physical</addrtype>
          <address>333 Broadway SE</address>
          <city>Albuquerque</city>
          <state>New Mexico</state>
          <postal>87102-3498</postal>
          <country>US</country>
        </cntaddr>
        <cntvoice>505-842-3292</cntvoice>
        <cnttdd>505-842-3198</cnttdd>
        <cntfax>505-842-3800</cntfax>
        <cntemail>mailroom_r3@fs.fed.us</cntemail>
        <hours>0800-1630 Monday - Friday, Mountain Time.</hours>
      </cntinfo>
    </distrib>
    <distliab>This product is geospatial information prepared by the U.S. Department of Agriculture, Forest Service. These data has been developed from sources of differing accuracy, scales, and reliability and may not be spatially accurate. Public Land Survey, ownership, and administrative boundary lines are not definitive in their location and do not necessarily represent the location of legally surveyed boundaries. The Forest Service makes no expressed or implied warranty with respect to the character, function, or capabilities of these data. These data are intended to be used for planning and analyses purposes only and are not legally binding with regards to title or location of National Forest System lands. The Forest Service reserves the right to correct, update, modify, or replace this information without notification.</distliab>
    <stdorder>
      <fees>None</fees>
    </stdorder>
  </distinfo>
  <metainfo>
    <metd>20210706</metd>
    <metc>
      <cntinfo>
        <cntorgp>
          <cntorg>USDA Forest Service, Southwestern Region</cntorg>
          <cntper>GIS</cntper>
        </cntorgp>
        <cntpos>Regional GIS Coordinator</cntpos>
        <cntaddr>
          <addrtype>mailing and physical</addrtype>
          <address>333 Broadway SE</address>
          <city>Albuquerque</city>
          <state>NM</state>
          <postal>87102</postal>
          <country>US</country>
        </cntaddr>
        <cntvoice>505-842-3292</cntvoice>
        <cnttdd>505-842-3898</cnttdd>
        <cntfax>505-842-3800</cntfax>
        <cntemail>Mailroom_R3@fs.fed.us</cntemail>
        <hours>0800-1630 M-F, Mountain Time</hours>
      </cntinfo>
    </metc>
    <metstdn>FGDC Content Standard for Digital Geospatial Metadata</metstdn>
    <metstdv>FGDC-STD-001-1998</metstdv>
    <mettc>local time</mettc>
  </metainfo>
</metadata>